{"cameraMode":{"drawMode":0,"name":"Shaded","section":"Shading Mode"},"sceneLighting":true,"audioPlay":false,"sceneViewState":{"m_AlwaysRefresh":false,"showFog":true,"showSkybox":true,"showFlares":true,"showImageEffects":true,"showParticleSystems":true,"showVisualEffectGraphs":true,"m_FxEnabled":true},"in2DMode":false,"pivot":{"x":0.4510204792022705,"y":5.146090984344482,"z":0.14290404319763184},"rotation":{"x":-0.053555142134428027,"y":0.9398525357246399,"z":-0.1742401421070099,"w":-0.28887689113616946},"size":0.8660253882408142,"orthographic":false}